model,num_host,num_vuln,topology,distro_vuln,diversity_vuln,tot_time,avg_generation_time,min_generation_time,max_generation_time,avg_merging_time,min_merging_time,max_merging_time,clustering_time,num_clusters
DISTRO,100,25,ring,uniform,0,0.30638365424238145,0.015363211821143826,3.2602110877633095e-05,0.0460181231610477,0.0,0,0,0.26036553108133376,1
DISTRO,10,25,star,bernoulli,0.5,0.19003720302134752,0.002485160327826937,0.000489372992888093,0.004014086909592152,0.0036790790424371758,0,0.017829417251050472,0.1681936988607049,3
DISTRO,25,25,lan50,bernoulli,0,0.5048024621792138,0.04844303304950396,0.00010283803567290306,0.14333669003099203,0.028716859679358702,0,0.09531558607704937,0.26615018607117236,3
DISTRO,50,10,star,binomial,1,0.2530199442990124,0.014903464665015539,0.0028704048600047827,0.021595952101051807,0.0056101233543207245,0,0.024434082210063934,0.20698990998789668,3
DISTRO,50,10,random,binomial,0.25,0.4496041259262711,0.02753854962065816,0.0018944928888231516,0.05878592096269131,0.06938517035450786,0.015484882052987814,0.22984891897067428,0.1609692859929055,3
DISTRO,150,75,tree,poisson,0,0.4954886077903211,0.07649407302960753,0.002246071118861437,0.15140479593537748,0.07494815411822249,0,0.1716453528497368,0.17243845900520682,3
DISTRO,10,100,lan0,bernoulli,1,2.1024489279370755,0.6759993290373435,0.04633418098092079,1.7778739100322127,0.1242534543465202,0.09428808093070984,0.16653230087831616,0.1580427170265466,3
DISTRO,25,75,lan0,binomial,0.25,2.819068218348548,0.1541078413526217,0.04623467498458922,0.28900141711346805,0.6443738758098334,0.2350695668719709,2.3851363321300596,0.14493046910502017,3
DISTRO,250,10,star,uniform,1,1.486480848863721,0.22144135762937367,0.0309203730430454,0.5752608708571643,0.1299610931891948,0,0.7317465951200575,0.17947338288649917,3
DISTRO,100,10,star,poisson,0.75,3.7765193537343293,0.032933312778671585,0.0006548832170665264,0.054488847963511944,0.6009053162997589,0,3.559222500771284,0.1628080049995333,3
DISTRO,75,50,star,bernoulli,0.5,0.8367991030681878,0.14935307336660722,0.02436502603814006,0.31930937501601875,0.06332483507382373,0,0.34009907324798405,0.17739065480418503,3
DISTRO,100,50,mesh,uniform,0,6.412212815135717,2.0581502726611993,0.0035722951870411634,6.167128206929192,0.0,0,0,0.24508460820652544,1
DISTRO,50,150,lan0,poisson,0,6.152482738951221,1.0740955115761608,0.05626001302152872,3.064941434888169,1.6314959919933851,0.17113345279358327,2.835179707966745,0.25236159609630704,3
DISTRO,10,200,lan0,bernoulli,0,0.38867802103050053,0.06488649973956247,0.01948804105632007,0.08881972101517022,0.11019146360922605,0.09245259407907724,0.13928160700015724,0.16057669301517308,3
DISTRO,25,25,random,bernoulli,0,0.059315928258001804,0.009385942093407115,0.0007975101470947266,0.021132555091753602,0.014990580578645071,0,0.03474970208480954,0.0034336710814386606,3
DISTRO,10,5,tree,uniform,0.25,0.2027995022945106,0.0007062809697041909,1.0818010196089745e-05,0.001463569002225995,0.003780843884063264,0,0.017705782083794475,0.18363015120849013,3
DISTRO,10,75,lan50,poisson,0,0.1369956659618765,0.01048216293565929,1.7459969967603683e-05,0.02596274297684431,0.03646259650122374,0.03520694701001048,0.037718245992437005,0.0733146769925952,2
DISTRO,50,10,powerlaw,binomial,0.75,0.43341473932377994,0.08635156376597782,0.01004077703692019,0.13315694709308445,0.13356458873022348,0.04591532307676971,0.28704997012391686,0.013207822106778622,3
DISTRO,150,10,tree,poisson,1,0.27558071608655155,0.08843351039104164,0.031037711072713137,0.19848621310666203,0.03795145401575913,0,0.07337812311016023,0.0037163798697292805,3
DISTRO,25,100,ring,bernoulli,0,0.10497293691150844,0.02532403264194727,0.0007203889545053244,0.0653084369841963,0.01101087542095532,0,0.03614558489061892,0.0035189150366932154,3
DISTRO,100,75,tree,binomial,0.25,2.3514347102027386,0.1871873336688926,0.10787284094840288,0.22834236500784755,0.49450747719189775,0,2.1181034131441265,0.004988932050764561,3
DISTRO,25,100,tree,binomial,1,0.9818533018697053,0.26731898332946,1.7279060557484627e-05,0.801910632988438,0.039549140337233744,0,0.16580990701913834,0.014132761862128973,3
DISTRO,25,500,star,poisson,0.75,25.452161983121186,4.267586409347132,2.7510803192853928e-05,12.231787871103734,2.2674403625229993,0,13.028273992007598,0.19210012000985444,3
DISTRO,50,50,random,binomial,0.25,4.162892495747656,0.3087621442973614,0.030990177066996694,0.7336081948596984,0.849681671281966,0.07739589805714786,3.2394396730232984,0.18984462786465883,3
DISTRO,50,100,lan0,binomial,0.25,10.149539943085983,1.5405315540265292,0.12316244305111468,3.4888433390296996,3.5434930390135073,1.1385495499707758,6.645474683959037,0.015221920097246766,3
DISTRO,100,500,random,uniform,0,56.06645228900015,18.62080900037351,0.0007914099842309952,55.86072095599957,0.0,0,0,0.20573133300058544,1
DISTRO,100,100,ring,bernoulli,0.75,6.719538502860814,3.255756577088808,0.10949230706319213,5.543429997051135,0.46539287513587624,0,1.1646951388102025,0.011413366999477148,3
DISTRO,50,1000,lan50,uniform,0,95.67104626283981,31.827259382310633,0.0003351038321852684,95.48105296399444,0.0,0,0,0.18999329884536564,1
DISTRO,75,500,star,poisson,0.25,15.412697189254686,4.3825744217416895,0.40120540908537805,8.907601873157546,1.194814776497272,0,6.239066423149779,0.2660288929473609,3
DISTRO,50,75,lan0,bernoulli,1,37.05391965294257,9.214930329238996,3.718377242796123,18.061365203000605,14.852666692109779,10.049943565856665,18.840353175764903,0.15220127417705953,3
DISTRO,100,200,lan50,bernoulli,0,46.96690302970819,9.245997281977907,0.12312145694158971,21.02075078897178,15.497370712653114,5.14275076193735,25.9290822269395,0.017070013796910644,3
DISTRO,250,50,lan50,binomial,0,34.033811575500295,5.962694206663097,1.1022707968950272,15.649455612059683,12.433665048951903,2.3248809720389545,18.127820888301358,0.25653507513925433,3
DISTRO,50,250,lan0,uniform,0.25,45.917089159134775,10.697131908886755,4.35426457086578,18.12148581095971,18.114911145918693,11.84322457620874,27.76664585713297,0.028957491042092443,3
DISTRO,10,1000,mesh,uniform,0.5,62.32968449080363,12.947161429872116,1.2266009468585253,24.77232717280276,26.02698618324939,14.260926222195849,37.546438531018794,0.01091878698207438,3
DISTRO,100,250,ring,poisson,0.75,56.55317230289802,18.028066988025483,0.25827244808897376,53.47109116706997,1.3077945157807942,0,3.038762263720855,0.043318872107192874,3
DISTRO,50,75,mesh,binomial,0.75,91.08366869320162,15.164884815380598,0.9922234809491783,43.15636742510833,30.66101553772266,2.8439152371138334,47.91308142407797,0.014219844015315175,3
DISTRO,50,250,random,uniform,0.5,103.79361216537654,27.502652020348858,4.514316770015284,43.82011710316874,38.02520443037307,16.47015001787804,59.9694859511219,0.004009111085906625,3
DISTRO,50,250,mesh,binomial,0.25,134.01027825148776,25.320106018567458,0.6808345038443804,57.549482392845675,50.238144283299334,19.085226241964847,76.28219155268744,0.17860430595465004,3
DISTRO,150,150,random,binomial,0.25,334.1018743829336,68.21685763037142,0.7473362809978426,125.00623126211576,101.79904748122983,1.6004717850591987,208.89342667884193,0.2022164419759065,3
DISTRO,75,200,lan0,uniform,0.5,400.508533670567,73.70398620896351,6.446341061964631,203.20351015985943,134.71194135029023,17.315589557169005,197.29679890279658,0.008224607910960913,3
DISTRO,150,50,mesh,bernoulli,0.5,493.4812272647396,86.35948262899183,5.375548206968233,236.80380385997705,176.11797884607222,22.42263408214785,256.5015446948819,0.17587870988063514,3
DISTRO,150,250,mesh,binomial,0.25,2889.5226358713116,579.1657101321034,165.39415057003498,1301.2098450711928,1147.5821611611561,424.2681963299401,1588.3006225370336,0.012168263085186481,3
DISTRO,100,250,mesh,uniform,0.75,7619.422855006065,1272.714850268637,25.640799400862306,3762.0572163481265,2548.13815297881,54.077583560021594,3857.1480439871084,0.2175946708302945,3
DISTRO,75,500,powerlaw,uniform,1,10091.613106629346,2658.1635258400347,572.8595005071256,3977.3363214430865,3317.4039832319445,319.27320535108447,6114.2657397852745,0.011045400984585285,3
DISTRO,100,500,mesh,uniform,0.5,11086.24514986761,2378.87800790905,948.4016938800924,5176.867074213922,4525.868461960966,1895.1655644760467,5908.825515252771,0.5525604009162635,3
DISTRO,10,5,tree,poisson,0.25,0.19368901778943837,0.0008073852707942327,8.2401093095541e-06,0.0015456979162991047,0.0015161445286745827,0,0.006981916027143598,0.18516140384599566,3
DISTRO,10,10,mesh,uniform,0.75,0.24175762431696057,0.006886217665548126,0.00533604109659791,0.007851005997508764,0.01633680732144664,0.011660885997116566,0.020317332120612264,0.21358928619883955,3
DISTRO,10,25,star,bernoulli,0.75,0.21003748499788344,0.008513726682091752,0.0009888052009046078,0.02323794993571937,0.0023895333288237453,0,0.008219653042033315,0.17857988202013075,3
DISTRO,50,25,lan0,binomial,0,0.7537845012266189,0.09355394433562954,0.03188446001149714,0.21413842402398586,0.20324044480609396,0.04497882886789739,0.38043303112499416,0.15921304607763886,3
DISTRO,25,10,tree,uniform,0.5,0.20557336509227753,0.003007971060772737,2.5650952011346817e-05,0.005056627094745636,0.004544973373413086,0,0.012360047083348036,0.18815669091418386,3
DISTRO,50,5,lan0,poisson,0,0.21545315301045775,0.05026328765476743,0.0013382351025938988,0.13928758190013468,0.025942502349304657,0,0.07216935604810715,0.003996215062215924,3
DISTRO,10,50,lan0,uniform,1,0.2869035438634455,0.026784787653014064,3.5770004615187645e-05,0.04467508406378329,0.026139009666318696,0,0.08017509686760604,0.1620533629320562,3
DISTRO,100,50,tree,uniform,0.75,5.2417981929611415,0.8990085367113352,0.005521508166566491,2.4916226780042052,0.5695524545929705,0,2.5780678750015795,0.17210763995535672,3
DISTRO,75,100,ring,poisson,0.5,4.415552705060691,0.6148979209829122,0.022595254937186837,1.6168927010148764,0.5320952310382078,0,2.6198307019658387,0.1788293020799756,3
DISTRO,50,250,random,poisson,0,7.042650321032852,1.3925241120159626,0.22184348804876208,3.6711235879920423,1.62951766870295,0.34543084097094834,3.09808662510477,0.27344010793603957,3
DISTRO,150,75,lan25,uniform,0,11.916762153850868,3.9225694173170873,0.005181082058697939,11.75695847789757,0.0,0,0,0.1598036759532988,1
DISTRO,10,50,tree,uniform,0,0.009712375234812498,0.0023176203637073436,5.316920578479767e-06,0.006937031168490648,0.0,0,0,0.00277534406632185,1
DISTRO,75,50,ring,uniform,0,0.06786325783468783,0.02176645561121404,2.680090256035328e-05,0.06523724901489913,0.0,0,0,0.0026260088197886944,1
DISTRO,50,10,tree,binomial,0.25,0.028525796718895435,0.0031527459310988584,0.0003032200038433075,0.005885074846446514,0.006887644490537544,0,0.019631735049188137,0.003008986823260784,3
DISTRO,10,10,star,poisson,1,0.011007582768797874,0.0010084263049066067,0.00018047704361379147,0.0023082238622009754,0.0010793879628181458,0,0.0036927468609064817,0.005006612045690417,3
DISTRO,10,50,random,binomial,0.5,0.06282461294904351,0.010218949289992452,0.0061187781393527985,0.014711526921018958,0.014479749331561228,0,0.03540749684907496,0.012705589178949594,3
DISTRO,75,25,ring,poisson,0.5,0.1294760552700609,0.03473041276447475,0.002136889146640897,0.07046746811829507,0.02880150588074078,0,0.05571656511165202,0.0032920220401138067,3
DISTRO,10,250,random,binomial,0.25,0.5668078430462629,0.09543904530194898,0.022499247919768095,0.22265027998946607,0.15854031848721206,0.0490288520231843,0.33870042907074094,0.005457133986055851,3
DISTRO,75,25,lan0,bernoulli,0.75,8.078131127171218,1.7569297653778146,0.31604822003282607,4.325427139177918,2.474773688823916,0.8947957470081747,3.542770695872605,0.20993329212069511,3
DISTRO,50,25,mesh,binomial,0.75,7.318181522889063,1.348380639993896,0.38052190793678164,3.2682159601245075,2.857321116995687,1.0175881921313703,3.8603069789242,0.18965858384035528,3
DISTRO,75,5,lan50,uniform,1,1.042040279135108,0.15949803800322115,0.04435015702620149,0.26031404291279614,0.4460509015092005,0.2729892050847411,0.5984893550630659,0.18323688115924597,3
DISTRO,150,150,ring,uniform,0.25,4.681657722219825,1.5225823703221977,0.024485301924869418,3.218845288036391,0.5163639185096448,0,1.2707599331624806,0.19205250102095306,3
DISTRO,50,50,random,binomial,0.75,9.737569125834852,1.7125689825819184,0.09479937586002052,4.5068222167901695,2.071245923444318,0,5.004746597958729,0.2260003110859543,3
DISTRO,150,75,ring,binomial,0.5,5.653142447816208,1.4383343202838053,0.029298027977347374,2.470165087841451,0.8651654906182861,0,3.1670971289277077,0.015880231047049165,3
DISTRO,50,75,powerlaw,uniform,0.5,11.458549291826785,2.022063249334072,0.26802932703867555,5.335281061939895,2.7360645207809284,0.48937690583989024,6.117411985993385,0.005856243893504143,3
DISTRO,100,150,mesh,poisson,0,56.215255656745285,9.336732153625539,0.004086968023329973,27.0905188228935,28.392033544485457,27.857398386113346,28.92666870285757,0.1980681309942156,2
DISTRO,250,150,lan0,uniform,0,85.89226931310259,28.585605649044737,0.021007089875638485,85.71459989319555,0.0,0,0,0.17766941990703344,1
DISTRO,150,150,ring,bernoulli,0.5,16.356502819340676,5.7723503964953125,0.5610686731524765,9.02486731018871,3.2602922608687854,0.34050938999280334,7.296996402088553,0.034639107063412666,3
DISTRO,75,75,mesh,poisson,0.25,32.367787363240495,5.673690083359058,0.14955932996235788,13.177258365089074,12.909913488935368,4.307041353778914,19.005536418175325,0.18499257997609675,3
DISTRO,250,100,star,binomial,0.5,42.69451845670119,7.56533958002304,0.33624220499768853,22.010312716010958,3.4829505612530434,0,20.435089754639193,0.2491159860510379,3
DISTRO,100,25,lan0,bernoulli,1,43.724493528017774,8.112264381333565,2.033899900969118,19.861526645021513,15.434796248795465,5.068669885164127,23.85917797195725,0.0037889110390096903,3
DISTRO,75,50,lan50,bernoulli,1,75.83702442795038,15.307002611691132,4.020437865052372,32.096105152973905,23.808923197560944,6.833292427705601,43.497764847939834,0.24315442703664303,3
DISTRO,50,150,mesh,uniform,0.5,164.06105378409848,28.119910560703527,1.0158467181026936,79.03655045595951,57.27132382624162,5.271103908773512,84.85097745503299,0.173525873105973,3
DISTRO,75,200,mesh,poisson,0.25,217.6881388395559,48.16809531658267,21.542605123016983,91.79095033579506,98.50166262690134,52.16624003276229,125.72253833082505,0.17465017293579876,3
DISTRO,100,75,mesh,poisson,0.75,714.2683160342276,124.15364825127956,11.321440544910729,347.48082440695725,248.85904262583549,24.07713769003749,366.62870320118964,0.15878842608071864,3
DISTRO,25,500,mesh,bernoulli,1,818.8695102587808,142.71313875960186,1.4600844029337168,374.2796569468919,291.55911783280317,49.95728945592418,444.26475955802016,0.325093753868714,3
DISTRO,250,25,mesh,binomial,0.75,1215.8431835961528,211.83665884068856,12.808658913942054,579.8674856270663,427.30997882201336,55.36899972194806,635.7971112090163,0.17858676007017493,3
DISTRO,75,1000,lan0,bernoulli,0.25,2401.7442894610576,537.5530391123611,13.865039556054398,1290.4547396420967,647.43333405947,42.52645904570818,1111.2673785039224,0.022171315038576722,3
DISTRO,150,500,random,uniform,0.25,3721.923184866784,721.7853282710226,5.119138801004738,1645.2973518930376,1001.5760133022364,23.738644473953173,2076.3297811697703,0.2960518039762974,3
DISTRO,150,150,mesh,uniform,0.75,7821.901730315061,1538.0040514172676,51.84947457886301,3375.7140263209585,2994.4047700825613,1166.5531916818582,4445.922470265068,0.26523372903466225,3
DISTRO,10,25,star,uniform,0,1.6404857179149985,0.0075292016845196486,7.127178832888603e-06,0.022563651902601123,0.0,0,0,1.6179220660123974,1
DISTRO,25,25,tree,bernoulli,0.5,0.3390128582250327,0.013374141960715255,5.759997293353081e-05,0.02094605495221913,0.02321532271647205,0,0.06230476521886885,0.2557620380539447,3
DISTRO,10,250,star,bernoulli,0.5,1.5449037530925125,0.10114006767980754,1.4665070921182632e-05,0.2753740418702364,0.14932988572400063,0,0.837918832199648,0.43161087902262807,3
DISTRO,10,150,powerlaw,poisson,0.75,0.9945993761066347,0.1362302757333964,2.0371051505208015e-05,0.40857233898714185,0.09817085950635374,0,0.3111015520989895,0.2749254850205034,3
DISTRO,10,150,star,uniform,1,0.7172269762959331,0.0874686719228824,0.019050799775868654,0.12633423204533756,0.045042678558578096,0,0.22087680618278682,0.37001593806780875,3
DISTRO,25,500,random,bernoulli,0,7.042346358299255,1.2418909336750705,0.06217512092553079,3.3648395140189677,1.1994915411729987,0,3.4796720852609724,0.19783475901931524,3
DISTRO,10,10,tree,binomial,0,0.3033797610551119,0.001534201359997193,1.1222902685403824e-05,0.0030126189813017845,0.005888985935598612,0.002070574788376689,0.009707397082820535,0.29065974499098957,2
DISTRO,10,200,lan50,uniform,0.25,1.570434121415019,0.05382157078323265,0.029875771142542362,0.09328622510656714,0.3148514893061171,0.10802634083665907,0.915620522107929,0.5615273742005229,3
DISTRO,75,500,tree,uniform,0,2.19430277030915,0.6021498130479207,2.4518929421901703e-05,1.8063833741471171,0.0,0,0,0.3879193961620331,1
DISTRO,25,5,tree,uniform,0,0.2926480290479958,0.0007996723676721255,9.619863703846931e-06,0.002376035088673234,0.0,0,0,0.29027199395932257,1
DISTRO,10,25,tree,uniform,0.25,0.19785745348781347,0.0012914370745420456,0.0006674421019852161,0.0023755261208862066,0.0011750586951772373,0,0.0037924351636320353,0.19168949220329523,3
DISTRO,150,50,tree,uniform,0,0.4135150460060686,0.05773178666519622,4.679081030189991e-05,0.1730888590682298,0.0,0,0,0.2404261869378388,1
DISTRO,10,25,random,poisson,1,0.3042936231940985,0.020734490361064672,0.0032538881059736013,0.036878362065181136,0.039387977488028504,0,0.08052267599850893,0.1868925851304084,3
DISTRO,10,75,lan50,bernoulli,0.75,0.14481344795785844,0.024050753563642502,0.010889879893511534,0.04384597297757864,0.06268704465279977,0.033348350785672665,0.08660830813460052,0.014359166845679283,3
DISTRO,50,150,ring,poisson,1,16.114666386740282,2.198208972966919,0.027845253003761172,6.301885687047616,1.8675397725698228,0,9.477599119767547,0.3351815799251199,3
DISTRO,50,75,ring,bernoulli,0.75,7.251305043231696,0.4014164162799716,0.03998119104653597,1.0865173239726573,1.1733441397470112,0,5.997209201101214,0.16757851815782487,3
DISTRO,50,200,lan0,uniform,0.25,31.468709968030453,6.171566018369049,0.0005046061705797911,13.208991086110473,5.961069999689546,0,17.98185723507777,0.2778616468422115,3
DISTRO,50,10,ring,poisson,1,0.3972390787675977,0.014097289259855946,0.005050860811024904,0.026018722914159298,0.020338513151121635,0,0.04475587885826826,0.3264644769951701,3
DISTRO,50,50,tree,poisson,0.25,0.5470860709901899,0.04936178533049921,0.0002783259842544794,0.10387746104970574,0.1561849341572573,0,0.3923081730026752,0.05090043693780899,3
DISTRO,50,25,star,bernoulli,1,0.5353975670877844,0.06730157338703673,0.0036182820331305265,0.18244903208687901,0.023376644278566044,0,0.09351496794261038,0.259433567058295,3
DISTRO,75,25,lan25,uniform,1,21.908795804250985,3.5946932256532214,0.6697266309056431,9.398722218116745,5.981878982818064,1.340352995088324,12.236967758042738,0.2731058280915022,3
DISTRO,25,100,lan25,bernoulli,0.75,6.317435857839882,0.9415518820751458,0.16112556005828083,2.1119089480489492,2.280380859815826,0.6907615819945931,3.9559770058840513,0.2495499039068818,3
DISTRO,250,10,lan50,poisson,0.75,128.3053756710142,13.239532861315334,3.9427569578401744,27.900176278082654,47.90611458519319,14.591022330103442,100.02618546201847,0.3790139309130609,3
DISTRO,250,50,random,uniform,0.25,206.73978519812226,30.07598414636838,0.9616902261041105,72.79233715008013,58.58779360730356,3.844842752907425,133.6613744071219,0.2860736409202218,3
DISTRO,150,50,lan25,poisson,1,960.4351380139124,180.74936116028888,9.698701660847291,503.03703509108163,274.948825392484,23.65316053107381,457.23989610397257,0.15820681885816157,3
DISTRO,150,75,lan25,uniform,0.75,1074.6160280369222,226.2096757730469,14.848001469159499,468.78777161310427,385.207887413019,113.42906780913472,605.4659386589192,0.3623177648987621,3
DISTRO,150,250,lan0,binomial,0.25,1509.0956430721562,275.7546775789621,13.678594338940457,743.3255942480173,417.25263563419384,62.10034532682039,765.7649101400748,0.005138684064149857,3
DISTRO,500,50,random,poisson,0.5,5784.302220427198,1013.958622586991,50.67656047199853,2788.324398641009,1541.5652296848905,59.35519772605039,2931.2348656330723,64.74295615311712,3
DISTRO,100,1000,lan0,bernoulli,0.5,24918.232321585994,4513.416340895307,475.9083112839144,12067.292650145944,6459.956258691421,423.4808675739914,12850.743200505152,0.1964709348976612,3
DISTRO,150,250,mesh,bernoulli,0.75,23182.025851710234,4319.21982664871,17.683019106974825,10864.509211793076,8375.826274568137,1611.5145613460336,12317.165785246063,0.3508546710945666,3
DISTRO,250,250,lan0,poisson,0.5,31092.060287599918,6348.345953025312,54.18592554703355,16605.24543192587,8499.473615624904,1553.6775085001718,14486.47239084309,0.34246483095921576,3
DISTRO,250,150,lan50,binomial,1,39328.04782882286,9551.754323828267,2068.149402132025,17107.53831520886,12759.16892029834,6070.24276171322,22220.322523623006,0.18698999099433422,3
DISTRO,250,200,mesh,bernoulli,0.75,66180.0621783419,19669.158524038347,8381.48550931504,34903.71535874694,23693.651788635685,10606.470598315122,31276.020633775974,0.3261858189944178,3
DISTRO,10,75,lan25,bernoulli,0.25,0.28626601700671017,0.022240132559090853,2.9654940590262413e-05,0.06161472387611866,0.00862953718751669,0,0.051777223125100136,0.17287407000549138,3
DISTRO,100,50,star,bernoulli,1,6.456046106992289,1.0760926993874211,0.04832237702794373,2.9912313860841095,0.5642262756591663,0,3.1903596110641956,0.27445510984398425,3
DISTRO,150,75,powerlaw,poisson,0,10.330028775148094,2.06272847026897,0.0022489598486572504,6.060145783005282,2.9280942926416174,1.8559094751253724,4.000279110157862,0.2696038819849491,2
DISTRO,75,25,random,bernoulli,1,9.474113557720557,1.9679269980018337,0.5499482310842723,4.303396496921778,3.0570473712092885,0.9413772549014539,4.865997766843066,0.3047192939557135,3
DISTRO,250,10,powerlaw,poisson,0,3.860071351053193,0.657870773691684,0.020594623871147633,1.7610114261042327,0.8834725692868233,0.1537106407340616,1.9153986989986151,0.1836612259503454,3
DISTRO,150,25,ring,uniform,0,0.24292954988777637,0.025260159047320485,5.875597707927227e-05,0.07565579097718,0.0,0,0,0.16727375891059637,1
DISTRO,10,100,mesh,binomial,0.25,0.6118782495614141,0.09025110304355621,0.0507626379840076,0.15445342613384128,0.19699725097355744,0.09651764715090394,0.26498829131014645,0.1924365321174264,3
DISTRO,25,250,random,binomial,0,1.6192592298611999,0.3420395685825497,6.479979492723942e-05,0.8442829300183803,0.7100046974373981,0.6492572319693863,0.7707521629054099,0.004224136937409639,2
DISTRO,10,150,powerlaw,bernoulli,0,0.35935991792939603,0.022732568671926856,2.092192880809307e-05,0.05765733006410301,0.009461218840442598,0,0.05676731304265559,0.24493527482263744,3
DISTRO,100,150,tree,binomial,0,0.5625412198714912,0.10395747896594305,0.00237781903706491,0.2973381408955902,0.08091470117991169,0,0.25785765005275607,0.0073454289231449366,3
DISTRO,25,50,tree,poisson,0.25,0.33862534700892866,0.021143981022760272,0.0011404210235923529,0.06055057002231479,0.005614751678270598,0,0.014814754016697407,0.26326002296991646,3
DISTRO,10,10,tree,uniform,1,0.6401735269464552,0.004758758625636498,8.619786240160465e-05,0.010304335039108992,0.006423479799802105,0,0.03854087879881263,0.5913283131085336,3
DISTRO,10,250,random,poisson,0.5,1.397538630058989,0.21716203703545034,2.3256056010723114e-05,0.6083060200326145,0.07355882533981155,0,0.44135295203886926,0.3478796579875052,3
DISTRO,25,75,ring,uniform,0.25,0.5428042768035084,0.031590757348264255,0.012266126926988363,0.052232732996344566,0.0625471455277875,0,0.19903395790606737,0.29153758590109646,3
DISTRO,250,150,tree,binomial,0,1.8781119759660214,0.29437905503436923,0.005262000020593405,0.8565626449417323,0.3314013743074611,0,0.6929963689763099,0.32855296204797924,3
DISTRO,75,10,lan0,poisson,0.25,1.1263678609393537,0.13517942590018114,0.07668706285767257,0.19959279987961054,0.36770005415504176,0.21090660011395812,0.5494308441411704,0.3773442169185728,3
DISTRO,25,10,lan25,poisson,0.25,0.06622269889339805,0.012860872006664673,0.000404631020501256,0.022648019017651677,0.0248650589492172,0.010932766133919358,0.04032673081383109,0.0032479490619152784,3
DISTRO,25,75,tree,bernoulli,1,0.4753121791873127,0.10118778763959806,2.7172034606337547e-05,0.2785153780132532,0.05667404485090325,0,0.1942636431194842,0.002533158054575324,3
DISTRO,25,75,random,bernoulli,0.75,2.256203644676134,0.3557354082974295,0.02409391407854855,0.9350611069239676,0.4690918402047828,0.061015776824206114,1.1129388657864183,0.20820367196574807,3
DISTRO,100,10,lan25,poisson,0.25,1.9593763418961316,0.3225055877119303,0.015453641070052981,0.4992075830232352,0.7106559907939906,0.37823603325523436,1.096785195870325,0.36338356300257146,3
DISTRO,25,75,powerlaw,poisson,1,5.9261955071706325,0.9724419928000619,0.00034986110404133797,2.914577317191288,0.7472285545275857,0,2.3744280950631946,0.63719009491615,3
DISTRO,10,150,powerlaw,binomial,0,0.09212170890532434,0.028427656351899106,1.248205080628395e-05,0.08524471195414662,0.0,0,0,0.006876996951177716,1
DISTRO,150,25,tree,bernoulli,0.25,0.35893492493778467,0.043588887667283416,0.005071741994470358,0.10319953202269971,0.06810192519333214,0,0.1729681089054793,0.08276728400960565,3
DISTRO,25,100,random,bernoulli,0.5,2.4249003008008003,0.31670250836759806,0.026286110980436206,0.7827523360028863,0.42496472569958615,0,1.079757418949157,0.562390545848757,3
DISTRO,250,10,star,binomial,0,0.06460990430787206,0.01568875943000118,0.00029389513656497,0.04228696506470442,0.005533553233059744,0,0.01733607822097838,0.0049868610221892595,3
DISTRO,100,10,lan50,binomial,0.75,5.271234136074781,0.8908956506444762,0.14620732911862433,2.1064750109799206,1.9380505432685216,0.6657910111825913,2.8452569951768965,0.31950212991796434,3
DISTRO,10,75,mesh,uniform,0.5,0.7852634638547897,0.0813876719524463,0.0494409529492259,0.11990295094437897,0.2259538194630295,0.11326399585232139,0.3096156199462712,0.3557448929641396,3
DISTRO,10,250,random,uniform,0,0.1449182538781315,0.04571989605513712,9.152106940746307e-06,0.13712516985833645,0.0,0,0,0.00779308401979506,1
DISTRO,75,10,powerlaw,uniform,0.75,1.5524912008550018,0.2945820440848668,0.07925563910976052,0.648527764948085,0.5748186570514614,0.22401057509705424,0.9007441969588399,0.0032192389480769634,3
DISTRO,100,25,lan0,poisson,0,2.4965090851765126,0.40520617676277954,0.023539493093267083,1.1640588091686368,0.7917912040526668,0.08292764495126903,1.293315544957295,0.03913473105058074,3
DISTRO,100,75,star,binomial,0.75,4.784193420782685,1.5043766027471672,0.1392156679648906,4.149960941169411,0.19657501229085028,0,0.6273543427232653,0.006878136890009046,3
DISTRO,150,500,tree,bernoulli,0,4.814847323810682,1.1432954569657643,0.03326397901400924,3.297346574952826,0.7808041798028474,0,1.3706921287812293,0.14680862007662654,3
DISTRO,25,250,lan50,binomial,0.25,6.2585337976925075,1.201225283012415,0.00012505403719842434,2.1535909429658204,1.3613020456007991,0,4.094706324627623,0.010236530099064112,3
DISTRO,10,5,random,binomial,1,0.00851345295086503,0.000727601038912932,2.4873996153473854e-05,0.0019926480017602444,0.0007186265041430792,0,0.0023670250084251165,0.004153779940679669,3
DISTRO,25,150,ring,binomial,0,0.10769717302173376,0.025621734326705337,1.0051997378468513e-05,0.07683626702055335,0.0,0,0,0.03086090600118041,1
DISTRO,25,75,lan25,binomial,0.5,1.5075871739536524,0.30872732400894165,0.0651830518618226,0.5509588210843503,0.579375766372929,0.2790353528689593,0.9512164988555014,0.005411854013800621,3
DISTRO,10,100,powerlaw,uniform,0.25,0.1753959129564464,0.02673744534452756,3.2019102945923805e-05,0.04362803092226386,0.017933366160529356,0,0.10760019696317613,0.024167685071006417,3
DISTRO,150,250,ring,binomial,0,1.9946107938885689,0.4196521327054749,0.03135954216122627,1.193229669937864,0.42384846213584143,0,0.7742235350888222,0.027157588861882687,3
DISTRO,10,75,lan50,bernoulli,0.5,0.1489521947223693,0.019703992332021397,3.1589996069669724e-05,0.043671591905876994,0.02798611348650108,0,0.0844804528169334,0.020800149999558926,3
DISTRO,25,10,mesh,uniform,0.5,0.3100402420386672,0.0387412270065397,0.0037013839464634657,0.06791133899241686,0.09127981638691078,0.055317675694823265,0.15137430489994586,0.09075459814630449,3
DISTRO,75,75,ring,uniform,1,4.559940396109596,1.4143806763458997,0.017909883055835962,4.1063668369315565,0.1704754544965302,0,0.4486419181339443,0.004931641044095159,3
DISTRO,10,100,random,poisson,0.75,0.2486257643904537,0.05950714663291971,0.02888143784366548,0.1045651719905436,0.050194504243942596,0,0.1400014532264322,0.004059139173477888,3
DISTRO,75,100,ring,uniform,1,8.22939891484566,2.469776596253117,0.09875641483813524,6.991573642939329,0.44017064885701984,0,1.2241331080440432,0.013692163862287998,3
DISTRO,50,10,lan25,poisson,0.5,0.8605912250932306,0.07842522502566378,0.024050688138231635,0.11165802390314639,0.20599560249441615,0.11933322087861598,0.3071745950728655,0.44175860611721873,3
DISTRO,10,1000,mesh,poisson,0,15.408285835757852,2.9072211366146803,4.367390647530556e-05,7.235753169981763,8.11735215538647,8.075991835910827,8.158712474862114,0.013820190913975239,2
DISTRO,10,500,lan0,poisson,1,15.276177691994235,2.5439289420222244,0.12362684193067253,7.1966321701183915,5.436311870852175,0.5816760549787432,8.06663341098465,0.012912110891193151,3
DISTRO,100,75,powerlaw,binomial,0.5,123.59780270396732,23.494140048666548,0.0037520569749176502,57.75068432302214,24.231437797890976,0,65.54356800601818,0.3035503749269992,3
DISTRO,150,25,powerlaw,uniform,0.75,89.92941971425898,16.380464223368715,0.4986951360478997,42.21665393514559,20.831067036449287,0.9256963510997593,47.6813247629907,0.031441016122698784,3
DISTRO,250,50,lan25,bernoulli,0,38.336871188133955,7.713005802050854,0.5259247201029211,19.838854430010542,12.440636794626093,3.412418538937345,18.438167963176966,0.059848794946447015,3
DISTRO,100,100,powerlaw,binomial,0.5,391.88671729690395,39.1804520386116,0.001197913894429803,112.07087341696024,81.35122715565376,0,279.5238964529708,0.29194742697291076,3
DISTRO,150,25,lan0,uniform,1,411.0413636441808,35.611296695424244,2.494041997939348,101.27085427311249,107.70018256956246,6.280710293678567,309.73209031601436,0.03841905505396426,3
DISTRO,75,1000,lan50,poisson,0,590.6651664497331,73.02204346532623,0.001039797905832529,172.81608184217475,388.5436664473964,359.2436300900299,417.84370280476287,0.00538180279545486,2
DISTRO,75,150,lan25,poisson,0.75,809.6310762213543,104.56957091965403,0.0013458449393510818,312.80494287703186,159.87327893916517,0,496.7737404271029,0.05239291721954942,3
DISTRO,150,100,random,bernoulli,0.75,1572.3353279221337,267.37191612808965,4.798445448977873,792.2483439941425,250.72359430394135,5.502925913780928,779.757853873074,0.3291300549171865,3
DISTRO,250,500,ring,binomial,0.5,592.3016485841945,191.75280371766226,18.84189703897573,321.20372883602977,62.309376236788616,0,270.80814173212275,0.2897780160419643,3
DISTRO,150,1000,lan0,binomial,0,2059.5644476749003,397.48702331772074,0.005055165151134133,1002.1268507980276,1005.6524641383439,954.1321980077773,1057.1727302689105,0.2648666079621762,2
DISTRO,100,500,random,poisson,0.25,2335.175017909147,508.6344098492991,0.4215479069389403,1320.75417404389,375.5708948285319,0,1014.4071965911426,0.013647274114191532,3
DISTRO,75,250,lan25,poisson,0.75,3093.9058317849413,665.3285368419407,0.43517941888421774,1990.9875883129425,365.05883988350007,0,1102.897050569998,0.02119290200062096,3
DISTRO,10,25,lan50,bernoulli,0.5,0.8941522701643407,0.003878976684063673,0.001109936973080039,0.005903835175558925,0.011559466482140124,0.0070371029432863,0.019224704010412097,0.8690237309783697,3
DISTRO,50,75,ring,uniform,0,0.3750970750115812,0.023805006717642147,1.813913695514202e-05,0.07136994204483926,0.0,0,0,0.3037271329667419,1
DISTRO,150,75,tree,uniform,0,0.4969085371121764,0.08611092103334765,4.8666028305888176e-05,0.25822185701690614,0.0,0,0,0.23868668009527028,1
DISTRO,10,25,lan25,uniform,0,0.301117368042469,0.005735167612632115,1.1707888916134834e-05,0.017170327017083764,0.0,0,0,0.28394704102538526,1
DISTRO,250,150,star,bernoulli,0,1.531886582262814,0.2975680916570127,0.004062397871166468,0.6618075531441718,0.1275080138584599,0,0.6241235721390694,0.24595545697957277,3
DISTRO,25,50,mesh,binomial,0.75,4.611739326035604,0.6562003362147758,0.12073799781501293,1.7169774589128792,1.5847263396329556,0.28553234273567796,2.6824091661255807,0.21235270099714398,3
DISTRO,10,500,star,uniform,1,6.557482012081891,1.0167937652828793,0.00015978887677192688,2.96681866212748,0.5829370693536475,0,3.4125497341156006,0.1781136158388108,3
DISTRO,50,50,random,uniform,0.5,26.095745640806854,0.8552150053437799,0.05394020210951567,2.2733997479081154,4.933319806586951,0.12134446110576391,23.510066888062283,0.312279004836455,3
DISTRO,10,25,ring,uniform,0.25,0.3234949870966375,0.001969873672351241,0.0006808179896324873,0.003833357011899352,0.002436917508020997,0,0.006772922119125724,0.3128887079656124,3
DISTRO,10,100,ring,uniform,0,0.30637404904700816,0.0061967927031219006,5.465932190418243e-06,0.01857092813588679,0.0,0,0,0.28780312091112137,1
DISTRO,100,10,random,poisson,0.75,4.126671527978033,0.4990800106121848,0.020924920914694667,1.290711360052228,0.9107712085048357,0.10380376013927162,2.638523312052712,0.197436855873093,3
DISTRO,10,150,powerlaw,binomial,1,1.5362121101934463,0.2170645563552777,7.351906970143318e-05,0.4056369310710579,0.4071118898379306,0,0.7811930112075061,0.3493821679148823,3
DISTRO,250,75,star,binomial,0,0.7127624426502734,0.0912653156556189,0.0031305612064898014,0.24881563382223248,0.07949386746622622,0,0.4360283287242055,0.027918480103835464,3
DISTRO,25,50,mesh,poisson,1,44.793302261736244,1.1542571849810581,0.07096318807452917,3.0548821948468685,8.7329339980303,0.4275758881121874,41.53665587189607,0.20176419499330223,3
DISTRO,50,10,powerlaw,binomial,1,3.3636201343033463,0.9949206247304877,0.0003419790882617235,2.8333962680771947,0.16470328314850727,0,0.41237612813711166,0.11784773808903992,3
DISTRO,50,100,star,uniform,0,0.10428456496447325,0.026437561338146526,1.86071265488863e-05,0.07926398795098066,0.0,0,0,0.025020577013492584,1
DISTRO,150,25,mesh,poisson,0,50.25731260655448,2.269869757195314,0.06492797378450632,6.41161228180863,14.631814009859227,0.42221824126318097,43.51748102274723,0.32821930199861526,3
DISTRO,50,75,lan25,poisson,0.5,19.324081097729504,3.6571071960497648,0.0005166020710021257,10.224489714950323,2.892556690804971,0,9.094992683967575,0.004598698811605573,3
DISTRO,10,50,mesh,binomial,0.25,1.282196600921452,0.03745543801536163,0.022844526916742325,0.047983833122998476,0.23970298216833422,0.06183507014065981,0.9171789169777185,0.3170338508207351,3
DISTRO,10,75,lan0,poisson,0.75,0.1851301877759397,0.026929539705937106,3.749597817659378e-05,0.05695648700930178,0.034845693657795586,0,0.10494013386778533,0.023233566898852587,3
DISTRO,10,150,ring,binomial,0.75,0.3281823438592255,0.06098899765250584,0.012040768982842565,0.14759316411800683,0.046057019693156086,0,0.1408815858885646,0.0397075938526541,3
DISTRO,50,500,tree,poisson,0,1.3220663599204272,0.422645070667689,1.7462996765971184e-05,1.2678906950168312,0.0,0,0,0.054175664903596044,1
DISTRO,50,25,random,uniform,0.75,131.46770240319893,43.36829893803224,0.05403944104909897,129.8483180431649,0.431029086583294,0,1.3861719481647015,0.2332124118693173,3
DISTRO,150,10,lan50,poisson,0.5,142.09481617296115,2.3338033580221236,0.3382601891644299,6.292378515005112,24.40358651902837,0.689600981073454,132.81727821798995,2.9851594399660826,3
DISTRO,25,75,mesh,uniform,0.5,223.72882227110676,43.736087281722575,0.1190615170635283,130.94134780205786,16.70664052583743,0.28092284966260195,92.72293870896101,0.06453576008789241,3
DISTRO,75,25,lan0,poisson,1,150.37762106885202,3.9926453583563366,0.3892045400571078,10.462008422007784,43.07912150696696,1.4194376091472805,139.86737883696333,0.048233809880912304,3
DISTRO,50,150,random,poisson,0.25,102.41763486620039,32.41958268041102,0.18461897200904787,96.32332833111286,2.345728441451987,0,5.841738231945783,0.25256830314174294,3
DISTRO,25,200,mesh,uniform,0.25,222.85976537503302,44.81617733370513,0.348216017941013,130.32994473609142,19.098278985513996,1.9453921630047262,92.22743483190425,0.3023858070373535,3
DISTRO,100,100,random,binomial,0.25,149.34526359429583,8.814005116000772,2.6533697170671076,16.706991591025144,48.64224012192184,7.4591150938067585,132.5930536512751,0.04521835199557245,3
DISTRO,75,100,lan25,binomial,0.25,117.19477116991766,35.29795056402994,0.38127213693223894,103.0796378471423,9.361556627554819,2.9453808169346303,13.842397841857746,0.2727354809176177,3
DISTRO,250,10,powerlaw,poisson,1,304.57960505085066,84.92674520728178,1.9054149719886482,249.77240652986802,25.884666359595332,5.1065103728324175,54.60821284982376,0.19898567115888,3
DISTRO,150,25,lan25,binomial,0.75,323.9745209950488,85.25613515544683,5.760372657096013,222.93286673212424,50.537215877401955,9.61880133813247,100.7371904370375,0.3044638258870691,3
DISTRO,75,250,lan0,bernoulli,0.25,138.27822260395624,30.870248440885916,6.56022147485055,73.99841869994998,46.30186707196602,12.382901405915618,64.21692944597453,0.06287445803172886,3
DISTRO,75,150,lan50,poisson,1,1239.0877462858334,252.71395974606276,3.7422362081706524,749.7522027790546,300.70155693466467,5.442298150854185,489.0637425798923,0.27180092688649893,3
DISTRO,100,100,lan25,uniform,1,1319.3225762280636,279.4170766984268,6.701325131114572,791.3926360050682,338.6704491149091,23.02535259281285,527.6670111201238,0.262929102871567,3
DISTRO,150,150,lan0,bernoulli,0.5,1636.9180001360364,301.15305273537524,14.13806873303838,705.0390191229526,639.1144826872041,200.75397123000585,931.8413237531204,0.037657259963452816,3
DISTRO,250,75,lan25,bernoulli,0.5,1986.107382280752,485.45969444063184,25.261762839043513,843.3710355928633,782.4387803879023,312.219278144883,1142.496056959033,0.2402897288557142,3
DISTRO,150,75,mesh,bernoulli,0.75,2614.685225242749,506.0919571573225,38.534665641142055,1416.654083338799,821.0752441248624,96.81159953796305,1197.4263026609551,0.6048392429947853,3
DISTRO,100,250,powerlaw,uniform,1,4957.716705982108,1235.7028160510429,198.24344960204326,2426.658355910098,1216.0180003577068,156.9425694779493,2530.659611789044,0.3987382829654962,3
DISTRO,250,100,powerlaw,uniform,0.75,6017.341502052266,1307.1500105239295,0.02153035392984748,2769.77654486103,1641.5750432835582,0,3247.316554479301,0.24840271193534136,3
DISTRO,10,50,lan50,bernoulli,1,0.736947063356638,0.046071005364259086,2.7552014216780663e-05,0.11562811303883791,0.08557236617586265,0,0.32439214712940156,0.2969268031883985,3
DISTRO,10,10,mesh,binomial,0,0.3072715646121651,0.006018031000470121,0.0023206539917737246,0.010026302887126803,0.01811408915091306,0.007015995914116502,0.027949099894613028,0.26929616183042526,3
DISTRO,50,75,mesh,uniform,0,3.104692129883915,0.8958563716926923,0.0008436490315943956,2.6857735998928547,0.0,0,0,0.4189185299910605,1
DISTRO,75,500,tree,poisson,0,2.2832020190544426,0.6534149546641856,2.6292866095900536e-05,1.96017778897658,0.0,0,0,0.32302423007786274,1
DISTRO,100,50,star,bernoulli,0,0.4402516207192093,0.025684822583571076,0.000216230982914567,0.06736126891337335,0.015683789271861315,0,0.050316611770540476,0.3225737400352955,3
DISTRO,10,50,mesh,poisson,0,0.09349878900684416,0.018197477717573445,0.008485777070745826,0.0344871049746871,0.04831005982123315,0.027276789071038365,0.05694948695600033,0.0020621970761567354,3
DISTRO,50,250,star,uniform,0.5,123.93108426220715,2.1578140687197447,0.32310197805054486,3.7892307189758867,20.548890481702983,0,119.69669316220097,0.4451603810302913,3
DISTRO,100,150,tree,bernoulli,0.25,106.45724553870969,0.6707955016754568,0.06640290096402168,1.6811667571309954,0.33280079811811447,0,0.918486745795235,103.85759203578345,3
DISTRO,75,500,powerlaw,binomial,0,135.34063923591748,44.95951626263559,0.0005711410194635391,134.8772447889205,0.0,0,0,0.46339444699697196,1
DISTRO,150,150,ring,bernoulli,0.25,21.5750176620204,1.7721363140735775,0.4579654650297016,3.0969519421923906,3.7884146980553246,0,18.044580955756828,0.4334847640711814,3
DISTRO,25,50,powerlaw,binomial,0,0.49005817901343107,0.026444527010122936,0.00011081690900027752,0.07905778614804149,0.03774576952370504,0,0.14274180494248867,0.2682585879229009,3
DISTRO,100,200,ring,poisson,0.5,88.44499816466123,4.74918554102381,0.24461577204056084,11.35857001785189,36.525008856357694,0.44075341895222664,76.70611894293688,0.38030920387245715,3
DISTRO,100,10,lan0,uniform,0.5,77.83554301504046,0.5523513133327166,0.22531977202743292,0.7684997259639204,16.411542305451196,0.7583318462129682,76.74570561898872,0.32133767008781433,3
DISTRO,25,250,lan25,binomial,0.5,191.2120052187238,27.643330137322966,0.1311937291175127,81.85244280495681,28.153630564610165,0,109.33258713386022,0.026975279906764627,3
DISTRO,500,50,ring,binomial,0.25,133.56573398108594,16.77509213727899,0.7438946068286896,47.46148412395269,18.251311071023036,0.9536028169095516,85.92677362821996,0.1774762289132923,3
DISTRO,100,10,lan50,uniform,0.75,82.55291280313395,0.8646822727750987,0.23857995099388063,2.007970614125952,17.32732832354183,0.6858439992647618,76.42700084601529,4.117941342992708,3
DISTRO,150,100,ring,poisson,1,49.252299297833815,16.54469329972441,0.34136762702837586,36.55443280097097,3.268230641959235,0,12.275590811856091,0.4222756850067526,3
DISTRO,100,50,lan25,bernoulli,0.5,223.14531467296183,47.55203279100048,1.4291090229526162,138.6465482020285,39.14019503184439,5.591147423954681,84.26304106996395,0.2357254009693861,3
DISTRO,50,100,mesh,binomial,0.5,293.62510221777484,76.08691505653162,0.1811778978444636,227.44073574687354,31.31772105845933,0.9338890162762254,66.12496146094054,0.059405009960755706,3
DISTRO,250,100,mesh,binomial,0,283.14458238333464,70.6849149717018,0.6663521090522408,192.68543180800043,59.97790126083419,16.587179804686457,90.00794145022519,0.4512091251090169,3
DISTRO,50,150,lan25,poisson,1,528.8854267001152,132.0318806777553,4.521382536040619,384.9879144190345,95.7631929522225,9.739056545076892,143.84853175003082,0.048980531049892306,3
DISTRO,150,250,powerlaw,uniform,0.25,1095.740270650247,249.5329272650803,48.3685094169341,544.7759406631812,262.67197379524197,38.16213179402985,550.6134108998813,0.3509190871845931,3
DISTRO,150,150,random,binomial,0.5,1276.4681499241851,259.4013965742973,2.9773366518784314,501.22088574804366,352.19875372957904,16.369671490974724,699.2417357161175,76.00552846002392,3
DISTRO,75,250,mesh,binomial,1,4396.700390024809,929.5391116359582,7.06738729798235,1647.342190386029,1868.3025166851392,1194.3564440000337,2748.8484954487067,0.5097041900735348,3
DISTRO,150,250,powerlaw,binomial,0.75,7642.155663435347,1942.6050055853557,966.0022513691802,3293.8040226390585,2890.912841606963,791.1522239190526,4347.833029638277,0.5186111580114812,3
DISTRO,250,150,lan25,bernoulli,0.75,13751.032727613114,3481.0002045609676,1364.6824510479346,6524.3887813480105,5485.658109646058,2309.1882349979132,7225.96421017102,0.679736094083637,3
DISTRO,500,50,lan50,uniform,1,24724.727620206308,5202.089809913964,785.7723618918099,11122.45225320803,9659.136963359817,3668.663647823967,13601.410339773167,0.8650272251106799,3
DISTRO,10,5,star,binomial,1,0.19821107992902398,0.0009531399700790644,1.572398468852043e-05,0.0019295189995318651,0.0017895430404072006,0,0.00795005401596427,0.18833150691352785,3
DISTRO,10,10,powerlaw,bernoulli,1,0.19107802282087505,0.0020686876183996596,5.603698082268238e-05,0.006066155852749944,0.008123887159551183,0,0.02218769909814,0.1628241678699851,3
DISTRO,25,10,lan50,bernoulli,0.75,0.37643208587542176,0.021775265612329047,0.0002876950893551111,0.05013599479570985,0.03983888441386322,0.010278399102389812,0.05993119394406676,0.26636489713564515,3
DISTRO,25,5,powerlaw,binomial,0,0.20329688675701618,0.0053858766332268715,0.00026456895284354687,0.013482006965205073,0.009040195766525963,0.0015858078841120005,0.015431382926180959,0.17438349686563015,3
DISTRO,25,5,powerlaw,bernoulli,0.5,0.22256809030659497,0.003342441748827696,0.0004541629459708929,0.0074048221576958895,0.006796743255108595,0.002729823114350438,0.00971814920194447,0.2054451189469546,3
DISTRO,100,10,star,bernoulli,0.25,0.22460994124412537,0.006936357744658987,3.9779115468263626e-05,0.02054575807414949,0.0006238975329324603,0,0.0012477950658649206,0.20281638810411096,2
DISTRO,50,10,random,bernoulli,0.5,0.47520252014510334,0.04714295632826785,0.0006894529797136784,0.13827209803275764,0.03744100387363384,0,0.07782636815682054,0.25910405395552516,3
DISTRO,100,25,lan0,bernoulli,0,2.290024665184319,0.36729383569521207,0.0047061138320714235,1.0914796080905944,0.6184852359971652,0.0062274078372865915,0.9724361409898847,0.22610891610383987,3
DISTRO,25,10,powerlaw,bernoulli,0.75,3.275134458905086,0.05242747828985254,0.0001902170479297638,0.155601552920416,0.08803362853359431,0,0.4452719788532704,2.6742609271313995,3
DISTRO,10,10,ring,bernoulli,1,0.29377936269156635,0.0030623039541145167,9.311502799391747e-05,0.006134867900982499,0.0035328754456713796,0,0.010799891781061888,0.27684460300952196,3
DISTRO,150,10,tree,bernoulli,0.5,0.33002723194658756,0.02422829329346617,0.00010021007619798183,0.07223957986570895,0.013216148052985469,0,0.027150422101840377,0.23063722997903824,3
DISTRO,50,10,mesh,binomial,0,0.712800629902631,0.08540379403469463,0.002135989023372531,0.19913264317438006,0.18513528327457607,0.028992837062105536,0.2942034467123449,0.2194645400159061,3
DISTRO,500,5,ring,poisson,1,1.1488735398743302,0.25585467166577774,0.03310183412395418,0.6656658258289099,0.183725218482626,0.04399528377689421,0.29181779408827424,0.19138991995714605,3
DISTRO,100,10,lan0,bernoulli,1,7.2912505636923015,1.0128112126452227,0.09263770887628198,2.8449703799560666,2.3541725665563717,0.21461710520088673,4.222134753828868,0.22414542990736663,3
DISTRO,150,10,star,bernoulli,0,0.7172716911882162,0.030617385326574247,0.006867337040603161,0.07524874503724277,0.054816341338058315,0,0.19546772399917245,0.446555222151801,3
DISTRO,100,10,random,bernoulli,0.75,2.037319371243939,0.39230286322223645,0.0017198538407683372,1.1483805789612234,0.3540275569539517,0,0.8093633332755417,0.07957545900717378,3
DISTRO,10,5,random,poisson,1,0.34654049878008664,0.00337053711215655,2.029608003795147e-05,0.005641567055135965,0.008200896826262275,0,0.0464959847740829,0.29440294695086777,3
DISTRO,25,5,mesh,binomial,0.5,0.10059813712723553,0.016730301625405748,0.0004374459385871887,0.03904786589555442,0.03782583047480633,0.00271999416872859,0.05706736212596297,0.004482909105718136,3
DISTRO,50,10,random,bernoulli,0.75,1.1277539297007024,0.0955124613052855,0.000512333121150732,0.2636606968007982,0.15484214577979097,0,0.5382471799384803,0.325846052961424,3
DISTRO,75,10,lan0,bernoulli,0,1.2683798458892852,0.081303777716433,0.0018971629906445742,0.2303756340406835,0.16003733213680485,0.01598126580938697,0.251939786830917,0.7860644250176847,3
DISTRO,10,50,powerlaw,binomial,1,0.46806202130392194,0.020682182318220537,0.010156485019251704,0.04011186002753675,0.029409659133913617,0,0.0641123151872307,0.3638378460891545,3
DISTRO,25,100,random,poisson,0.25,1.2560649439692497,0.1439490239135921,0.050379613880068064,0.27804608293808997,0.2110888115130365,0,0.4671764101367444,0.5108424508944154,3
DISTRO,50,10,random,poisson,0.75,1.271784587064758,0.07425654702819884,0.023766990983858705,0.10490720509551466,0.16411260961710164,0.07711781118996441,0.24079450103454292,0.9260828809347004,3
DISTRO,25,500,ring,binomial,0.25,14.29408061481081,0.6243308282767733,0.04021512693725526,0.9802767529617995,3.9048663987390078,0,13.230888274032623,0.08291558781638741,3
DISTRO,10,1000,lan50,poisson,0.75,54.57921101991087,10.062187739958366,0.40243093599565327,16.937919039977714,15.567840842801766,1.7482459880411625,37.43846971797757,0.20282226195558906,3
DISTRO,250,250,star,poisson,1,456.93427251209505,151.73630303268632,0.006972599076107144,439.62449929700233,3.1332351278203228,0,17.178070549154654,0.13170266593806446,3
DISTRO,50,1000,lan50,bernoulli,1,8242.285505357431,2115.8048299277048,0.00649483292363584,5770.545263276203,1363.705925566998,0,2471.299716109177,0.440525972051546,3
DISTRO,150,500,lan25,poisson,0.25,5759.078701030929,1160.4104111046374,141.4399759969674,2361.8193389999215,2268.908633352956,1088.2899523908272,3396.9487298189197,0.310632212087512,3
DISTRO,250,150,lan50,poisson,0.5,7392.10226623388,1497.9186357657115,198.78639205917716,3181.5918844419066,2730.5520864144587,1232.6290154929738,4209.986128524877,0.5242532670963556,3
DISTRO,100,1000,random,uniform,1,12235.901438528206,2642.809777717727,0.0211015900131315,6679.308711647056,2248.555906224608,0,5556.275420271093,0.31730661005713046,3
DISTRO,150,250,lan50,uniform,0.75,11980.664784130873,2655.131168889968,12.33958746213466,6275.032092315843,3584.3622728427486,1046.7912502840627,5705.239978336031,0.3927134789992124,3
DISTRO,50,10,star,poisson,1,0.3258177740499377,0.012840725714340806,0.0030428289901465178,0.019855002174153924,0.009158682621394595,0,0.03400946385227144,0.27195330802351236,3
DISTRO,10,10,mesh,uniform,0.25,0.2614898837637156,0.004521612698833148,0.0018253480084240437,0.008602902060374618,0.011320761172100902,0.004981470061466098,0.016249131876975298,0.2366378498263657,3
DISTRO,75,75,tree,bernoulli,0.25,0.6203265776857734,0.09445386830096443,0.009650853928178549,0.23952998500317335,0.0759131801314652,0,0.15580338682048023,0.2249932058621198,3
DISTRO,25,5,random,bernoulli,0.75,0.3338225360494107,0.006326527955631415,0.0004356331191956997,0.017307419795542955,0.011109141050837934,0,0.02334827813319862,0.2931668381206691,3
DISTRO,100,250,star,uniform,0,0.9587313190568238,0.24649136265118918,3.273598849773407e-05,0.7393898239824921,0.0,0,0,0.21934149507433176,1
DISTRO,10,150,star,poisson,0.75,0.40880184690468013,0.04183070741904279,0.010289694182574749,0.09414512105286121,0.016412692648979526,0,0.06564448191784322,0.2490122439339757,3
DISTRO,25,75,powerlaw,uniform,0.5,94.37050201767124,0.24185550135249892,0.00015855510719120502,0.6363942888565361,15.766194424708374,0,93.54132663295604,0.19278109585866332,3
DISTRO,25,25,mesh,poisson,0.75,94.54798688110895,0.17953759998393556,0.027079007821157575,0.4158177690114826,16.050482505583204,0.15694087510928512,93.92229825304821,0.20987085904926062,3
DISTRO,150,25,star,uniform,1,3.1690765332896262,0.5452396996940175,0.0419681160710752,1.5459151449613273,0.27314432136093575,0,1.5796361481770873,0.04352524015121162,3
DISTRO,75,25,mesh,poisson,0.25,98.03048171079718,0.9877545842900872,0.12237272504717112,1.6544895528350025,17.63934691871206,1.3258281331509352,96.16003956506029,0.2159525929018855,3
DISTRO,250,500,star,bernoulli,0,47.44183296407573,15.452348643913865,0.06583035900257528,46.21888925996609,0.28663496653704595,0,1.013867303263396,0.2090764008462429,3
DISTRO,250,10,lan50,bernoulli,1,273.3686822592281,25.033218505093828,1.3892933600582182,69.32843252108432,84.14408134079228,6.6346605808939785,203.40207835496403,0.6381713831797242,3
DISTRO,50,250,random,binomial,0.25,65.43398923124187,20.09595014775793,0.2220433100592345,45.24528375011869,6.1327534321462736,0,19.962144246092066,0.22656123503111303,3
DISTRO,150,10,lan0,uniform,1,105.6168731879443,48.264626978353284,1.6635295280721039,94.7382620649878,7.904713266878389,2.7689737351611257,10.646760310046375,0.23185081291012466,3
DISTRO,75,150,mesh,bernoulli,0,165.68765325378627,50.16090467696389,0.7755502508953214,148.61599724297412,11.396811349550262,1.8837893730960786,16.868339499924332,0.20331651088781655,3
DISTRO,100,250,ring,binomial,0.75,44.120785468956456,14.127017501664037,0.3075874578207731,41.60603430005722,0.7512166670057923,0,2.146329276030883,0.3684218928683549,3
DISTRO,150,250,tree,binomial,0.5,66.70783317787573,18.337548198333632,0.0002098269760608673,43.210615226998925,7.964433866009737,0,23.218349356902763,0.27886859397403896,3
DISTRO,100,75,powerlaw,poisson,0.75,315.47944774106145,59.64580997102894,0.0020466381683945656,178.93143102293834,42.2340446326804,0,136.32159016397782,0.22642655414529145,3
DISTRO,250,250,lan25,binomial,0,493.33604864473455,105.76821264958319,3.479244089918211,303.92533057392575,128.73576545583396,13.16725948289968,189.10375605686568,0.30696201394312084,3
DISTRO,500,5,lan0,bernoulli,0,52.15148235205561,17.452943386354793,2.170736167114228,40.71597869112156,7.39895929043026,3.2675477089360356,11.201654736883938,0.2338489240501076,3
DISTRO,150,250,powerlaw,uniform,0.5,3517.053942421917,703.5092375009941,0.01203683391213417,1441.9277953440323,1023.9201138218244,0,2074.9058050129097,0.22034206497482955,3
DISTRO,500,100,lan50,binomial,0.25,7770.239985490916,1616.565307970314,289.4789983429946,3172.809743999969,3197.539663457428,1564.0161692800466,4596.281013125088,1.1492283658590168,3
DISTRO,150,250,lan0,poisson,1,17712.82192309806,3931.198800238548,809.4715415569954,8003.112981113838,6605.325565991962,3116.846477457788,9709.346824118169,0.3621178660541773,3
DISTRO,150,500,lan0,bernoulli,0.75,32001.187114651082,6486.668639905595,17.757460675900802,15069.207086706068,7638.95076500345,933.7010458821896,16931.77288024011,0.20714770490303636,3
DISTRO,100,1000,lan50,binomial,0.5,29218.494510592893,6356.522663094026,735.1044847839512,12451.670254643075,10160.804591914444,5807.6831001599785,16766.631395176984,0.1928607728332281,3
DISTRO,150,500,mesh,bernoulli,0.75,59039.97088017315,13292.795409744605,1536.5164847688284,31907.70261448901,19275.815977786126,5626.503552963957,27132.04764613509,0.22061954904347658,3
DISTRO,75,10,random,binomial,0.25,0.5491211921907961,0.06198679733400544,0.001483348198235035,0.0991675821132958,0.12358959089033306,0.03783173346891999,0.2519099321216345,0.19804367795586586,3
DISTRO,50,10,lan25,bernoulli,0.5,0.8033197619952261,0.06302567136784394,0.000904574990272522,0.1831589019857347,0.15252293413504958,0,0.32720173709094524,0.2929591229185462,3
DISTRO,25,75,lan0,uniform,0.5,1.778827187139541,0.2427220824174583,0.044004273135215044,0.6307512228377163,0.5172292893597236,0.10522241005674005,0.8487685271538794,0.29930743714794517,3
DISTRO,50,50,lan50,binomial,0.5,7.499259429052472,1.3326677856966853,0.3161381548270583,2.7140304702334106,1.935747231201579,0.6864490411244333,3.9998646057210863,0.7853643530979753,3
DISTRO,10,25,lan50,poisson,0.25,0.33092525601387024,0.0032284467791517577,5.996134132146835e-05,0.007200665306299925,0.005110579154764612,0,0.01748400181531906,0.30624058889225125,3
DISTRO,10,10,mesh,poisson,0,0.3611771441064775,0.004676811241855224,0.0013106707483530045,0.010771248955279589,0.013661513027424613,0.004476421512663364,0.02354753529652953,0.3268583598546684,3
DISTRO,25,100,lan50,poisson,0.5,3.19574620295316,0.4710261217939357,0.1246944391168654,1.1474498743191361,0.8938460593732694,0.21627022791653872,1.6955161849036813,0.3527801437303424,3
DISTRO,25,100,lan0,poisson,0.5,3.040557111147791,0.5071176025085151,0.08734371419996023,1.2064628773368895,1.1819695148151368,0.2752256174571812,1.7301582489162683,0.1039359848946333,3
DISTRO,150,10,star,poisson,0,0.15949024632573128,0.01013224587465326,0.00024248380213975906,0.026866125874221325,0.00542515415387849,0,0.01747063919901848,0.11515348125249147,3
DISTRO,100,150,ring,binomial,0.5,9.587687159422785,3.396762303697566,0.27141891000792384,7.668055105023086,0.925575993799915,0.32791543984785676,1.670186278410256,0.24944577598944306,3
DISTRO,75,75,tree,binomial,0.25,0.8359343926422298,0.19123711825037995,0.015874153934419155,0.5103252329863608,0.08588118012994528,0,0.2790869935415685,0.04652216611430049,3
DISTRO,50,10,mesh,binomial,0.5,1.2449517669156194,0.15436868431667486,0.006764727178961039,0.38434462575241923,0.4836954268005987,0.12997867399826646,0.8524912963621318,0.008115844801068306,3
DISTRO,25,1000,ring,poisson,0.25,7.546345645561814,2.6440204763785005,0.22911053709685802,3.9921467662788928,1.2642166054962825,0,3.2357813282869756,0.31841755099594593,3
DISTRO,75,100,lan50,binomial,0,8.195533069781959,1.4281194026892383,0.23233222076669335,3.502149492967874,2.683275690379863,0.6747641013935208,4.19129609502852,0.5020874817855656,3
DISTRO,10,100,tree,bernoulli,0.5,0.6997770615853369,0.023275278663883608,6.978865712881088e-05,0.05287109222263098,0.055013438764338694,0,0.21145755611360073,0.4354484132491052,3
DISTRO,10,150,lan0,uniform,0,0.10832986887544394,0.027935081161558628,1.0234769433736801e-05,0.08377466863021255,0.0,0,0,0.02455520024523139,1
DISTRO,10,200,powerlaw,uniform,1,2.5363480104133487,0.31411777933438617,2.2891908884048462e-05,0.6465370277874172,0.2474267262344559,0,1.1050985935144126,0.7847123891115189,3
DISTRO,10,500,mesh,binomial,0.5,16.006175403948873,2.6452827998436987,0.27008383022621274,7.169662966858596,5.5096139867479605,0.859011800494045,8.496568139176816,0.3399442979134619,3
DISTRO,100,100,tree,bernoulli,0.25,1.066712393425405,0.2782106602874895,0.0031982348300516605,0.6700149360112846,0.16578661797878644,0,0.39114836836233735,0.005549089051783085,3
DISTRO,50,50,lan50,uniform,0.75,14.286337888799608,2.5204123846876123,0.2777593331411481,6.750494922045618,4.989743039943278,0.8300256161019206,7.523139853961766,0.012703112792223692,3
DISTRO,10,25,lan25,uniform,0.5,0.027634871192276478,0.004903410406162341,1.6310717910528183e-05,0.014661525376141071,0.0,0,0,0.012973345816135406,3
DISTRO,10,50,star,uniform,0,0.10694510536268353,0.0028471574187278748,7.154885679483414e-06,0.008519104216247797,0.0,0,0,0.09842600114643574,1
DISTRO,150,10,ring,poisson,1,0.24827584065496922,0.0650978918808202,0.019285077694803476,0.14994558272883296,0.029564766213297844,0,0.06900350702926517,0.02932675089687109,3
DISTRO,150,150,tree,bernoulli,0.25,4.942979836836457,1.4944373201578856,0.5422785701230168,2.6945685371756554,0.9181053506520888,0.18917175894603133,1.7884714626707137,0.4599398369900882,3
DISTRO,25,50,powerlaw,uniform,0.75,1.5128809921443462,0.21224171264717975,0.050722962245345116,0.5346783339045942,0.27133770209426683,0.05187434144318104,0.6581730521284044,0.3200296061113477,3
DISTRO,150,25,random,binomial,0,2.8517113723792136,0.48868910657862824,0.013942452613264322,1.3681228361092508,0.5431288604158908,0,1.3095093085430562,0.17407922772690654,3
DISTRO,250,50,star,uniform,0.75,58.329965761397034,17.473289244032156,0.3341072560288012,48.89269809704274,2.071888643239314,0,9.392703232355416,0.04456443199887872,3
DISTRO,150,75,lan25,poisson,0,65.61281215772033,4.2381317705536885,0.3983225948177278,11.791989469900727,19.399328187961753,1.2230524239130318,53.815668638795614,0.005154049023985863,3
DISTRO,150,25,lan0,poisson,0.5,149.2221953892149,7.6798281980057554,2.083275751210749,17.688706540036947,42.08664655561248,6.460434396751225,130.99135996308178,0.5421288860961795,3
DISTRO,75,50,lan50,binomial,0.75,121.62192607484758,9.249598792288452,1.720358137972653,23.736075137741864,40.65984791563824,3.8543695020489395,97.84600134100765,0.039849596098065376,3
DISTRO,75,75,random,uniform,0.75,198.36845246562734,18.10583062050864,0.17980456072837114,52.89223170792684,44.10524711788943,0,145.14738540584221,0.32883535185828805,3
DISTRO,250,50,tree,poisson,0.25,1.7937048729509115,0.564566227607429,0.1879065060056746,0.9123259857296944,0.4745280026302983,0.1392206009477377,0.8723683371208608,0.00901055010035634,3
DISTRO,100,150,star,bernoulli,1,157.39510478591546,59.199347575039916,1.0690136468037963,122.86172027513385,6.0215760436840355,0,34.10245342180133,0.4309310889802873,3
DISTRO,25,250,lan50,uniform,1,186.4245662135072,26.501774715880554,0.7550374940037727,74.51449136575684,46.32690715968298,6.448075620923191,111.69521548040211,0.21485936734825373,3
DISTRO,75,75,lan50,bernoulli,0.75,203.3314579729922,32.727648122546576,0.9199871891178191,91.9983000587672,48.07882977928966,7.392813905142248,111.11203037528321,0.2211275389418006,3
DISTRO,25,500,lan0,poisson,0.75,298.9042708706111,66.96644942260657,0.4508305387571454,194.0267642182298,59.89142101475348,6.383415817283094,104.5602142275311,0.31729242485016584,3
DISTRO,50,250,lan50,binomial,0.5,300.46181619074196,88.6549922968261,12.738674189895391,205.85754332877696,50.644088932778686,14.103176025208086,94.5561736850068,0.048099176958203316,3
DISTRO,50,250,powerlaw,poisson,0.75,541.1651900387369,125.96926205636312,0.00034437235444784164,377.9070433857851,50.61922557155291,0,163.2509865029715,0.007160149980336428,3
DISTRO,100,1000,ring,poisson,0.25,190.79179612873122,55.035639823414385,0.1893202569335699,159.59361192816868,10.734088271701088,0,30.95807113777846,0.24011306278407574,3
DISTRO,75,150,random,poisson,1,1098.9574974747375,224.75975692396364,0.3742226529866457,671.2843399210833,130.03667502400154,0.3070425051264465,427.5903930896893,0.08276446396484971,3
DISTRO,150,75,lan0,poisson,0.5,530.1231582080945,92.86058631989484,1.80853201309219,257.96885699778795,168.37496972076283,18.816841311287135,272.12250320985913,0.03179800044745207,3
DISTRO,500,25,lan0,bernoulli,0.25,587.2264280938543,131.79472229008874,0.1212057969532907,386.6192148649134,110.59331630372132,3.7925236420705914,200.57883901661262,0.028374212328344584,3
DISTRO,100,150,lan50,binomial,0.75,1859.2151940362528,361.49117124065134,0.8276704950258136,1080.5933731030673,279.9806000016785,0,778.4740761648864,0.1477447682991624,3
DISTRO,50,250,mesh,poisson,0.75,1263.1681623305194,225.86735637082407,3.0406645219773054,660.3250715727918,378.67358032326837,16.855442349798977,602.8196719470434,0.023418810684233904,3
DISTRO,150,100,powerlaw,uniform,0.75,1419.7840302535333,338.9786399739484,15.551957764662802,618.7251762482338,408.71457904654864,16.082864304073155,800.6733204764314,0.385533528868109,3
DISTRO,100,500,lan50,bernoulli,0.25,1662.486406815704,347.04835836046067,48.760638491716236,726.9186173528433,567.4397555170581,281.34970360342413,935.278805215843,0.2889842470176518,3
DISTRO,75,250,lan50,binomial,1,3122.201944784727,907.4419464965662,43.087495133280754,2142.7783369827084,668.9646254337082,258.88097272627056,979.2636769469827,0.15993085503578186,3
DISTRO,100,150,mesh,bernoulli,0.75,3328.5898408964276,592.5281250613431,6.242135635111481,1739.33611836005,1044.1245401897468,37.31998024135828,1588.7199274096638,0.5337951267138124,3
DISTRO,150,100,lan25,bernoulli,1,3458.8352894498967,1046.5633182834524,615.4481603968889,1835.1283190683462,1253.602960023408,550.2552832351066,1623.3683224045672,0.3386479769833386,3
DISTRO,250,50,lan0,poisson,1,4693.920509500895,1018.4114155826779,12.321378707885742,2472.539946638979,1499.6061848077613,236.3897986188531,2221.3616851828992,0.018877679016441107,3
DISTRO,500,100,lan50,bernoulli,0.25,4677.374983246438,1378.542809732724,950.2640681350604,1804.588790990878,2482.8484591515735,2018.4627158832736,2872.1835470106453,0.6026452449150383,3
DISTRO,500,50,mesh,bernoulli,0.5,14873.953078169376,2818.662427948788,457.18963670916855,7067.732023730874,5349.5566571461195,1055.5524843689054,7805.686720193364,0.5343342451378703,3
